DIA_ANO;ANO;FECHA
1;2014;2014-01-01
2;2014;2014-01-02
3;2014;2014-01-03
4;2014;2014-01-04
5;2014;2014-01-05
6;2014;2014-01-06
7;2014;2014-01-07
8;2014;2014-01-08
9;2014;2014-01-09
10;2014;2014-01-10
11;2014;2014-01-11
12;2014;2014-01-12
13;2014;2014-01-13
14;2014;2014-01-14
15;2014;2014-01-15
16;2014;2014-01-16
17;2014;2014-01-17
18;2014;2014-01-18
19;2014;2014-01-19
20;2014;2014-01-20
21;2014;2014-01-21
22;2014;2014-01-22
23;2014;2014-01-23
24;2014;2014-01-24
25;2014;2014-01-25
26;2014;2014-01-26
27;2014;2014-01-27
28;2014;2014-01-28
29;2014;2014-01-29
30;2014;2014-01-30
31;2014;2014-01-31
32;2014;2014-02-01
33;2014;2014-02-02
34;2014;2014-02-03
35;2014;2014-02-04
36;2014;2014-02-05
37;2014;2014-02-06
38;2014;2014-02-07
39;2014;2014-02-08
40;2014;2014-02-09
41;2014;2014-02-10
42;2014;2014-02-11
43;2014;2014-02-12
44;2014;2014-02-13
45;2014;2014-02-14
46;2014;2014-02-15
47;2014;2014-02-16
48;2014;2014-02-17
49;2014;2014-02-18
50;2014;2014-02-19
51;2014;2014-02-20
52;2014;2014-02-21
53;2014;2014-02-22
54;2014;2014-02-23
55;2014;2014-02-24
56;2014;2014-02-25
57;2014;2014-02-26
58;2014;2014-02-27
59;2014;2014-02-28
60;2014;2014-03-01
61;2014;2014-03-02
62;2014;2014-03-03
63;2014;2014-03-04
64;2014;2014-03-05
65;2014;2014-03-06
66;2014;2014-03-07
67;2014;2014-03-08
68;2014;2014-03-09
69;2014;2014-03-10
70;2014;2014-03-11
71;2014;2014-03-12
72;2014;2014-03-13
73;2014;2014-03-14
74;2014;2014-03-15
75;2014;2014-03-16
76;2014;2014-03-17
77;2014;2014-03-18
78;2014;2014-03-19
79;2014;2014-03-20
80;2014;2014-03-21
81;2014;2014-03-22
82;2014;2014-03-23
83;2014;2014-03-24
84;2014;2014-03-25
85;2014;2014-03-26
86;2014;2014-03-27
87;2014;2014-03-28
88;2014;2014-03-29
89;2014;2014-03-30
90;2014;2014-03-31
91;2014;2014-04-01
92;2014;2014-04-02
93;2014;2014-04-03
94;2014;2014-04-04
95;2014;2014-04-05
96;2014;2014-04-06
97;2014;2014-04-07
98;2014;2014-04-08
99;2014;2014-04-09
100;2014;2014-04-10
101;2014;2014-04-11
102;2014;2014-04-12
103;2014;2014-04-13
104;2014;2014-04-14
105;2014;2014-04-15
106;2014;2014-04-16
107;2014;2014-04-17
108;2014;2014-04-18
109;2014;2014-04-19
110;2014;2014-04-20
111;2014;2014-04-21
112;2014;2014-04-22
113;2014;2014-04-23
114;2014;2014-04-24
115;2014;2014-04-25
116;2014;2014-04-26
117;2014;2014-04-27
118;2014;2014-04-28
119;2014;2014-04-29
120;2014;2014-04-30
121;2014;2014-05-01
122;2014;2014-05-02
123;2014;2014-05-03
124;2014;2014-05-04
125;2014;2014-05-05
126;2014;2014-05-06
127;2014;2014-05-07
128;2014;2014-05-08
129;2014;2014-05-09
130;2014;2014-05-10
131;2014;2014-05-11
132;2014;2014-05-12
133;2014;2014-05-13
134;2014;2014-05-14
135;2014;2014-05-15
136;2014;2014-05-16
137;2014;2014-05-17
138;2014;2014-05-18
139;2014;2014-05-19
140;2014;2014-05-20
141;2014;2014-05-21
142;2014;2014-05-22
143;2014;2014-05-23
144;2014;2014-05-24
145;2014;2014-05-25
146;2014;2014-05-26
147;2014;2014-05-27
148;2014;2014-05-28
149;2014;2014-05-29
150;2014;2014-05-30
151;2014;2014-05-31
152;2014;2014-06-01
153;2014;2014-06-02
154;2014;2014-06-03
155;2014;2014-06-04
156;2014;2014-06-05
157;2014;2014-06-06
158;2014;2014-06-07
159;2014;2014-06-08
160;2014;2014-06-09
161;2014;2014-06-10
162;2014;2014-06-11
163;2014;2014-06-12
164;2014;2014-06-13
165;2014;2014-06-14
166;2014;2014-06-15
167;2014;2014-06-16
168;2014;2014-06-17
169;2014;2014-06-18
170;2014;2014-06-19
171;2014;2014-06-20
172;2014;2014-06-21
173;2014;2014-06-22
174;2014;2014-06-23
175;2014;2014-06-24
176;2014;2014-06-25
177;2014;2014-06-26
178;2014;2014-06-27
179;2014;2014-06-28
180;2014;2014-06-29
181;2014;2014-06-30
182;2014;2014-07-01
183;2014;2014-07-02
184;2014;2014-07-03
185;2014;2014-07-04
186;2014;2014-07-05
187;2014;2014-07-06
188;2014;2014-07-07
189;2014;2014-07-08
190;2014;2014-07-09
191;2014;2014-07-10
192;2014;2014-07-11
193;2014;2014-07-12
194;2014;2014-07-13
195;2014;2014-07-14
196;2014;2014-07-15
197;2014;2014-07-16
198;2014;2014-07-17
199;2014;2014-07-18
200;2014;2014-07-19
201;2014;2014-07-20
202;2014;2014-07-21
203;2014;2014-07-22
204;2014;2014-07-23
205;2014;2014-07-24
206;2014;2014-07-25
207;2014;2014-07-26
208;2014;2014-07-27
209;2014;2014-07-28
210;2014;2014-07-29
211;2014;2014-07-30
212;2014;2014-07-31
213;2014;2014-08-01
214;2014;2014-08-02
215;2014;2014-08-03
216;2014;2014-08-04
217;2014;2014-08-05
218;2014;2014-08-06
219;2014;2014-08-07
220;2014;2014-08-08
221;2014;2014-08-09
222;2014;2014-08-10
223;2014;2014-08-11
224;2014;2014-08-12
225;2014;2014-08-13
226;2014;2014-08-14
227;2014;2014-08-15
228;2014;2014-08-16
229;2014;2014-08-17
230;2014;2014-08-18
231;2014;2014-08-19
232;2014;2014-08-20
233;2014;2014-08-21
234;2014;2014-08-22
235;2014;2014-08-23
236;2014;2014-08-24
237;2014;2014-08-25
238;2014;2014-08-26
239;2014;2014-08-27
240;2014;2014-08-28
241;2014;2014-08-29
242;2014;2014-08-30
243;2014;2014-08-31
244;2014;2014-09-01
245;2014;2014-09-02
246;2014;2014-09-03
247;2014;2014-09-04
248;2014;2014-09-05
249;2014;2014-09-06
250;2014;2014-09-07
251;2014;2014-09-08
252;2014;2014-09-09
253;2014;2014-09-10
254;2014;2014-09-11
255;2014;2014-09-12
256;2014;2014-09-13
257;2014;2014-09-14
258;2014;2014-09-15
259;2014;2014-09-16
260;2014;2014-09-17
261;2014;2014-09-18
262;2014;2014-09-19
263;2014;2014-09-20
264;2014;2014-09-21
265;2014;2014-09-22
266;2014;2014-09-23
267;2014;2014-09-24
268;2014;2014-09-25
269;2014;2014-09-26
270;2014;2014-09-27
271;2014;2014-09-28
272;2014;2014-09-29
273;2014;2014-09-30
274;2014;2014-10-01
275;2014;2014-10-02
276;2014;2014-10-03
277;2014;2014-10-04
278;2014;2014-10-05
279;2014;2014-10-06
280;2014;2014-10-07
281;2014;2014-10-08
282;2014;2014-10-09
283;2014;2014-10-10
284;2014;2014-10-11
285;2014;2014-10-12
286;2014;2014-10-13
287;2014;2014-10-14
288;2014;2014-10-15
289;2014;2014-10-16
290;2014;2014-10-17
291;2014;2014-10-18
292;2014;2014-10-19
293;2014;2014-10-20
294;2014;2014-10-21
295;2014;2014-10-22
296;2014;2014-10-23
297;2014;2014-10-24
298;2014;2014-10-25
299;2014;2014-10-26
300;2014;2014-10-27
301;2014;2014-10-28
302;2014;2014-10-29
303;2014;2014-10-30
304;2014;2014-10-31
305;2014;2014-11-01
306;2014;2014-11-02
307;2014;2014-11-03
308;2014;2014-11-04
309;2014;2014-11-05
310;2014;2014-11-06
311;2014;2014-11-07
312;2014;2014-11-08
313;2014;2014-11-09
314;2014;2014-11-10
315;2014;2014-11-11
316;2014;2014-11-12
317;2014;2014-11-13
318;2014;2014-11-14
319;2014;2014-11-15
320;2014;2014-11-16
321;2014;2014-11-17
322;2014;2014-11-18
323;2014;2014-11-19
324;2014;2014-11-20
325;2014;2014-11-21
326;2014;2014-11-22
327;2014;2014-11-23
328;2014;2014-11-24
329;2014;2014-11-25
330;2014;2014-11-26
331;2014;2014-11-27
332;2014;2014-11-28
333;2014;2014-11-29
334;2014;2014-11-30
335;2014;2014-12-01
336;2014;2014-12-02
337;2014;2014-12-03
338;2014;2014-12-04
339;2014;2014-12-05
340;2014;2014-12-06
341;2014;2014-12-07
342;2014;2014-12-08
343;2014;2014-12-09
344;2014;2014-12-10
345;2014;2014-12-11
346;2014;2014-12-12
347;2014;2014-12-13
348;2014;2014-12-14
349;2014;2014-12-15
350;2014;2014-12-16
351;2014;2014-12-17
352;2014;2014-12-18
353;2014;2014-12-19
354;2014;2014-12-20
355;2014;2014-12-21
356;2014;2014-12-22
357;2014;2014-12-23
358;2014;2014-12-24
359;2014;2014-12-25
360;2014;2014-12-26
361;2014;2014-12-27
362;2014;2014-12-28
363;2014;2014-12-29
364;2014;2014-12-30
365;2014;2014-12-31
1;2015;2015-01-01
2;2015;2015-01-02
3;2015;2015-01-03
4;2015;2015-01-04
5;2015;2015-01-05
6;2015;2015-01-06
7;2015;2015-01-07
8;2015;2015-01-08
9;2015;2015-01-09
10;2015;2015-01-10
11;2015;2015-01-11
12;2015;2015-01-12
13;2015;2015-01-13
14;2015;2015-01-14
15;2015;2015-01-15
16;2015;2015-01-16
17;2015;2015-01-17
18;2015;2015-01-18
19;2015;2015-01-19
20;2015;2015-01-20
21;2015;2015-01-21
22;2015;2015-01-22
23;2015;2015-01-23
24;2015;2015-01-24
25;2015;2015-01-25
26;2015;2015-01-26
27;2015;2015-01-27
28;2015;2015-01-28
29;2015;2015-01-29
30;2015;2015-01-30
31;2015;2015-01-31
32;2015;2015-02-01
33;2015;2015-02-02
34;2015;2015-02-03
35;2015;2015-02-04
36;2015;2015-02-05
37;2015;2015-02-06
38;2015;2015-02-07
39;2015;2015-02-08
40;2015;2015-02-09
41;2015;2015-02-10
42;2015;2015-02-11
43;2015;2015-02-12
44;2015;2015-02-13
45;2015;2015-02-14
46;2015;2015-02-15
47;2015;2015-02-16
48;2015;2015-02-17
49;2015;2015-02-18
50;2015;2015-02-19
51;2015;2015-02-20
52;2015;2015-02-21
53;2015;2015-02-22
54;2015;2015-02-23
55;2015;2015-02-24
56;2015;2015-02-25
57;2015;2015-02-26
58;2015;2015-02-27
59;2015;2015-02-28
60;2015;2015-03-01
61;2015;2015-03-02
62;2015;2015-03-03
63;2015;2015-03-04
64;2015;2015-03-05
65;2015;2015-03-06
66;2015;2015-03-07
67;2015;2015-03-08
68;2015;2015-03-09
69;2015;2015-03-10
70;2015;2015-03-11
71;2015;2015-03-12
72;2015;2015-03-13
73;2015;2015-03-14
74;2015;2015-03-15
75;2015;2015-03-16
76;2015;2015-03-17
77;2015;2015-03-18
78;2015;2015-03-19
79;2015;2015-03-20
80;2015;2015-03-21
81;2015;2015-03-22
82;2015;2015-03-23
83;2015;2015-03-24
84;2015;2015-03-25
85;2015;2015-03-26
86;2015;2015-03-27
87;2015;2015-03-28
88;2015;2015-03-29
89;2015;2015-03-30
90;2015;2015-03-31
91;2015;2015-04-01
92;2015;2015-04-02
93;2015;2015-04-03
94;2015;2015-04-04
95;2015;2015-04-05
96;2015;2015-04-06
97;2015;2015-04-07
98;2015;2015-04-08
99;2015;2015-04-09
100;2015;2015-04-10
101;2015;2015-04-11
102;2015;2015-04-12
103;2015;2015-04-13
104;2015;2015-04-14
105;2015;2015-04-15
106;2015;2015-04-16
107;2015;2015-04-17
108;2015;2015-04-18
109;2015;2015-04-19
110;2015;2015-04-20
111;2015;2015-04-21
112;2015;2015-04-22
113;2015;2015-04-23
114;2015;2015-04-24
115;2015;2015-04-25
116;2015;2015-04-26
117;2015;2015-04-27
118;2015;2015-04-28
119;2015;2015-04-29
120;2015;2015-04-30
121;2015;2015-05-01
122;2015;2015-05-02
123;2015;2015-05-03
124;2015;2015-05-04
125;2015;2015-05-05
126;2015;2015-05-06
127;2015;2015-05-07
128;2015;2015-05-08
129;2015;2015-05-09
130;2015;2015-05-10
131;2015;2015-05-11
132;2015;2015-05-12
133;2015;2015-05-13
134;2015;2015-05-14
135;2015;2015-05-15
136;2015;2015-05-16
137;2015;2015-05-17
138;2015;2015-05-18
139;2015;2015-05-19
140;2015;2015-05-20
141;2015;2015-05-21
142;2015;2015-05-22
143;2015;2015-05-23
144;2015;2015-05-24
145;2015;2015-05-25
146;2015;2015-05-26
147;2015;2015-05-27
148;2015;2015-05-28
149;2015;2015-05-29
150;2015;2015-05-30
151;2015;2015-05-31
152;2015;2015-06-01
153;2015;2015-06-02
154;2015;2015-06-03
155;2015;2015-06-04
156;2015;2015-06-05
157;2015;2015-06-06
158;2015;2015-06-07
159;2015;2015-06-08
160;2015;2015-06-09
161;2015;2015-06-10
162;2015;2015-06-11
163;2015;2015-06-12
164;2015;2015-06-13
165;2015;2015-06-14
166;2015;2015-06-15
167;2015;2015-06-16
168;2015;2015-06-17
169;2015;2015-06-18
170;2015;2015-06-19
171;2015;2015-06-20
172;2015;2015-06-21
173;2015;2015-06-22
174;2015;2015-06-23
175;2015;2015-06-24
176;2015;2015-06-25
177;2015;2015-06-26
178;2015;2015-06-27
179;2015;2015-06-28
180;2015;2015-06-29
181;2015;2015-06-30
182;2015;2015-07-01
183;2015;2015-07-02
184;2015;2015-07-03
185;2015;2015-07-04
186;2015;2015-07-05
187;2015;2015-07-06
188;2015;2015-07-07
189;2015;2015-07-08
190;2015;2015-07-09
191;2015;2015-07-10
192;2015;2015-07-11
193;2015;2015-07-12
194;2015;2015-07-13
195;2015;2015-07-14
196;2015;2015-07-15
197;2015;2015-07-16
198;2015;2015-07-17
199;2015;2015-07-18
200;2015;2015-07-19
201;2015;2015-07-20
202;2015;2015-07-21
203;2015;2015-07-22
204;2015;2015-07-23
205;2015;2015-07-24
206;2015;2015-07-25
207;2015;2015-07-26
208;2015;2015-07-27
209;2015;2015-07-28
210;2015;2015-07-29
211;2015;2015-07-30
212;2015;2015-07-31
213;2015;2015-08-01
214;2015;2015-08-02
215;2015;2015-08-03
216;2015;2015-08-04
217;2015;2015-08-05
218;2015;2015-08-06
219;2015;2015-08-07
220;2015;2015-08-08
221;2015;2015-08-09
222;2015;2015-08-10
223;2015;2015-08-11
224;2015;2015-08-12
225;2015;2015-08-13
226;2015;2015-08-14
227;2015;2015-08-15
228;2015;2015-08-16
229;2015;2015-08-17
230;2015;2015-08-18
231;2015;2015-08-19
232;2015;2015-08-20
233;2015;2015-08-21
234;2015;2015-08-22
235;2015;2015-08-23
236;2015;2015-08-24
237;2015;2015-08-25
238;2015;2015-08-26
239;2015;2015-08-27
240;2015;2015-08-28
241;2015;2015-08-29
242;2015;2015-08-30
243;2015;2015-08-31
244;2015;2015-09-01
245;2015;2015-09-02
246;2015;2015-09-03
247;2015;2015-09-04
248;2015;2015-09-05
249;2015;2015-09-06
250;2015;2015-09-07
251;2015;2015-09-08
252;2015;2015-09-09
253;2015;2015-09-10
254;2015;2015-09-11
255;2015;2015-09-12
256;2015;2015-09-13
257;2015;2015-09-14
258;2015;2015-09-15
259;2015;2015-09-16
260;2015;2015-09-17
261;2015;2015-09-18
262;2015;2015-09-19
263;2015;2015-09-20
264;2015;2015-09-21
265;2015;2015-09-22
266;2015;2015-09-23
267;2015;2015-09-24
268;2015;2015-09-25
269;2015;2015-09-26
270;2015;2015-09-27
271;2015;2015-09-28
272;2015;2015-09-29
273;2015;2015-09-30
274;2015;2015-10-01
275;2015;2015-10-02
276;2015;2015-10-03
277;2015;2015-10-04
278;2015;2015-10-05
279;2015;2015-10-06
280;2015;2015-10-07
281;2015;2015-10-08
282;2015;2015-10-09
283;2015;2015-10-10
284;2015;2015-10-11
285;2015;2015-10-12
286;2015;2015-10-13
287;2015;2015-10-14
288;2015;2015-10-15
289;2015;2015-10-16
290;2015;2015-10-17
291;2015;2015-10-18
292;2015;2015-10-19
293;2015;2015-10-20
294;2015;2015-10-21
295;2015;2015-10-22
296;2015;2015-10-23
297;2015;2015-10-24
298;2015;2015-10-25
299;2015;2015-10-26
300;2015;2015-10-27
301;2015;2015-10-28
302;2015;2015-10-29
303;2015;2015-10-30
304;2015;2015-10-31
305;2015;2015-11-01
306;2015;2015-11-02
307;2015;2015-11-03
308;2015;2015-11-04
309;2015;2015-11-05
310;2015;2015-11-06
311;2015;2015-11-07
312;2015;2015-11-08
313;2015;2015-11-09
314;2015;2015-11-10
315;2015;2015-11-11
316;2015;2015-11-12
317;2015;2015-11-13
318;2015;2015-11-14
319;2015;2015-11-15
320;2015;2015-11-16
321;2015;2015-11-17
322;2015;2015-11-18
323;2015;2015-11-19
324;2015;2015-11-20
325;2015;2015-11-21
326;2015;2015-11-22
327;2015;2015-11-23
328;2015;2015-11-24
329;2015;2015-11-25
330;2015;2015-11-26
331;2015;2015-11-27
332;2015;2015-11-28
333;2015;2015-11-29
334;2015;2015-11-30
335;2015;2015-12-01
336;2015;2015-12-02
337;2015;2015-12-03
338;2015;2015-12-04
339;2015;2015-12-05
340;2015;2015-12-06
341;2015;2015-12-07
342;2015;2015-12-08
343;2015;2015-12-09
344;2015;2015-12-10
345;2015;2015-12-11
346;2015;2015-12-12
347;2015;2015-12-13
348;2015;2015-12-14
349;2015;2015-12-15
350;2015;2015-12-16
351;2015;2015-12-17
352;2015;2015-12-18
353;2015;2015-12-19
354;2015;2015-12-20
355;2015;2015-12-21
356;2015;2015-12-22
357;2015;2015-12-23
358;2015;2015-12-24
359;2015;2015-12-25
360;2015;2015-12-26
361;2015;2015-12-27
362;2015;2015-12-28
363;2015;2015-12-29
364;2015;2015-12-30
365;2015;2015-12-31
1;2016;2016-01-01
2;2016;2016-01-02
3;2016;2016-01-03
4;2016;2016-01-04
5;2016;2016-01-05
6;2016;2016-01-06
7;2016;2016-01-07
8;2016;2016-01-08
9;2016;2016-01-09
10;2016;2016-01-10
11;2016;2016-01-11
12;2016;2016-01-12
13;2016;2016-01-13
14;2016;2016-01-14
15;2016;2016-01-15
16;2016;2016-01-16
17;2016;2016-01-17
18;2016;2016-01-18
19;2016;2016-01-19
20;2016;2016-01-20
21;2016;2016-01-21
22;2016;2016-01-22
23;2016;2016-01-23
24;2016;2016-01-24
25;2016;2016-01-25
26;2016;2016-01-26
27;2016;2016-01-27
28;2016;2016-01-28
29;2016;2016-01-29
30;2016;2016-01-30
31;2016;2016-01-31
32;2016;2016-02-01
33;2016;2016-02-02
34;2016;2016-02-03
35;2016;2016-02-04
36;2016;2016-02-05
37;2016;2016-02-06
38;2016;2016-02-07
39;2016;2016-02-08
40;2016;2016-02-09
41;2016;2016-02-10
42;2016;2016-02-11
43;2016;2016-02-12
44;2016;2016-02-13
45;2016;2016-02-14
46;2016;2016-02-15
47;2016;2016-02-16
48;2016;2016-02-17
49;2016;2016-02-18
50;2016;2016-02-19
51;2016;2016-02-20
52;2016;2016-02-21
53;2016;2016-02-22
54;2016;2016-02-23
55;2016;2016-02-24
56;2016;2016-02-25
57;2016;2016-02-26
58;2016;2016-02-27
59;2016;2016-02-28
60;2016;2016-03-01
61;2016;2016-03-02
62;2016;2016-03-03
63;2016;2016-03-04
64;2016;2016-03-05
65;2016;2016-03-06
66;2016;2016-03-07
67;2016;2016-03-08
68;2016;2016-03-09
69;2016;2016-03-10
70;2016;2016-03-11
71;2016;2016-03-12
72;2016;2016-03-13
73;2016;2016-03-14
74;2016;2016-03-15
75;2016;2016-03-16
76;2016;2016-03-17
77;2016;2016-03-18
78;2016;2016-03-19
79;2016;2016-03-20
80;2016;2016-03-21
81;2016;2016-03-22
82;2016;2016-03-23
83;2016;2016-03-24
84;2016;2016-03-25
85;2016;2016-03-26
86;2016;2016-03-27
87;2016;2016-03-28
88;2016;2016-03-29
89;2016;2016-03-30
90;2016;2016-03-31
91;2016;2016-04-01
92;2016;2016-04-02
93;2016;2016-04-03
94;2016;2016-04-04
95;2016;2016-04-05
96;2016;2016-04-06
97;2016;2016-04-07
98;2016;2016-04-08
99;2016;2016-04-09
100;2016;2016-04-10
101;2016;2016-04-11
102;2016;2016-04-12
103;2016;2016-04-13
104;2016;2016-04-14
105;2016;2016-04-15
106;2016;2016-04-16
107;2016;2016-04-17
108;2016;2016-04-18
109;2016;2016-04-19
110;2016;2016-04-20
111;2016;2016-04-21
112;2016;2016-04-22
113;2016;2016-04-23
114;2016;2016-04-24
115;2016;2016-04-25
116;2016;2016-04-26
117;2016;2016-04-27
118;2016;2016-04-28
119;2016;2016-04-29
120;2016;2016-04-30
121;2016;2016-05-01
122;2016;2016-05-02
123;2016;2016-05-03
124;2016;2016-05-04
125;2016;2016-05-05
126;2016;2016-05-06
127;2016;2016-05-07
128;2016;2016-05-08
129;2016;2016-05-09
130;2016;2016-05-10
131;2016;2016-05-11
132;2016;2016-05-12
133;2016;2016-05-13
134;2016;2016-05-14
135;2016;2016-05-15
136;2016;2016-05-16
137;2016;2016-05-17
138;2016;2016-05-18
139;2016;2016-05-19
140;2016;2016-05-20
141;2016;2016-05-21
142;2016;2016-05-22
143;2016;2016-05-23
144;2016;2016-05-24
145;2016;2016-05-25
146;2016;2016-05-26
147;2016;2016-05-27
148;2016;2016-05-28
149;2016;2016-05-29
150;2016;2016-05-30
151;2016;2016-05-31
152;2016;2016-06-01
153;2016;2016-06-02
154;2016;2016-06-03
155;2016;2016-06-04
156;2016;2016-06-05
157;2016;2016-06-06
158;2016;2016-06-07
159;2016;2016-06-08
160;2016;2016-06-09
161;2016;2016-06-10
162;2016;2016-06-11
163;2016;2016-06-12
164;2016;2016-06-13
165;2016;2016-06-14
166;2016;2016-06-15
167;2016;2016-06-16
168;2016;2016-06-17
169;2016;2016-06-18
170;2016;2016-06-19
171;2016;2016-06-20
172;2016;2016-06-21
173;2016;2016-06-22
174;2016;2016-06-23
175;2016;2016-06-24
176;2016;2016-06-25
177;2016;2016-06-26
178;2016;2016-06-27
179;2016;2016-06-28
180;2016;2016-06-29
181;2016;2016-06-30
182;2016;2016-07-01
183;2016;2016-07-02
184;2016;2016-07-03
185;2016;2016-07-04
186;2016;2016-07-05
187;2016;2016-07-06
188;2016;2016-07-07
189;2016;2016-07-08
190;2016;2016-07-09
191;2016;2016-07-10
192;2016;2016-07-11
193;2016;2016-07-12
194;2016;2016-07-13
195;2016;2016-07-14
196;2016;2016-07-15
197;2016;2016-07-16
198;2016;2016-07-17
199;2016;2016-07-18
200;2016;2016-07-19
201;2016;2016-07-20
202;2016;2016-07-21
203;2016;2016-07-22
204;2016;2016-07-23
205;2016;2016-07-24
206;2016;2016-07-25
207;2016;2016-07-26
208;2016;2016-07-27
209;2016;2016-07-28
210;2016;2016-07-29
211;2016;2016-07-30
212;2016;2016-07-31
213;2016;2016-08-01
214;2016;2016-08-02
215;2016;2016-08-03
216;2016;2016-08-04
217;2016;2016-08-05
218;2016;2016-08-06
219;2016;2016-08-07
220;2016;2016-08-08
221;2016;2016-08-09
222;2016;2016-08-10
223;2016;2016-08-11
224;2016;2016-08-12
225;2016;2016-08-13
226;2016;2016-08-14
227;2016;2016-08-15
228;2016;2016-08-16
229;2016;2016-08-17
230;2016;2016-08-18
231;2016;2016-08-19
232;2016;2016-08-20
233;2016;2016-08-21
234;2016;2016-08-22
235;2016;2016-08-23
236;2016;2016-08-24
237;2016;2016-08-25
238;2016;2016-08-26
239;2016;2016-08-27
240;2016;2016-08-28
241;2016;2016-08-29
242;2016;2016-08-30
243;2016;2016-08-31
244;2016;2016-09-01
245;2016;2016-09-02
246;2016;2016-09-03
247;2016;2016-09-04
248;2016;2016-09-05
249;2016;2016-09-06
250;2016;2016-09-07
251;2016;2016-09-08
252;2016;2016-09-09
253;2016;2016-09-10
254;2016;2016-09-11
255;2016;2016-09-12
256;2016;2016-09-13
257;2016;2016-09-14
258;2016;2016-09-15
259;2016;2016-09-16
260;2016;2016-09-17
261;2016;2016-09-18
262;2016;2016-09-19
263;2016;2016-09-20
264;2016;2016-09-21
265;2016;2016-09-22
266;2016;2016-09-23
267;2016;2016-09-24
268;2016;2016-09-25
269;2016;2016-09-26
270;2016;2016-09-27
271;2016;2016-09-28
272;2016;2016-09-29
273;2016;2016-09-30
274;2016;2016-10-01
275;2016;2016-10-02
276;2016;2016-10-03
277;2016;2016-10-04
278;2016;2016-10-05
279;2016;2016-10-06
280;2016;2016-10-07
281;2016;2016-10-08
282;2016;2016-10-09
283;2016;2016-10-10
284;2016;2016-10-11
285;2016;2016-10-12
286;2016;2016-10-13
287;2016;2016-10-14
288;2016;2016-10-15
289;2016;2016-10-16
290;2016;2016-10-17
291;2016;2016-10-18
292;2016;2016-10-19
293;2016;2016-10-20
294;2016;2016-10-21
295;2016;2016-10-22
296;2016;2016-10-23
297;2016;2016-10-24
298;2016;2016-10-25
299;2016;2016-10-26
300;2016;2016-10-27
301;2016;2016-10-28
302;2016;2016-10-29
303;2016;2016-10-30
304;2016;2016-10-31
305;2016;2016-11-01
306;2016;2016-11-02
307;2016;2016-11-03
308;2016;2016-11-04
309;2016;2016-11-05
310;2016;2016-11-06
311;2016;2016-11-07
312;2016;2016-11-08
313;2016;2016-11-09
314;2016;2016-11-10
315;2016;2016-11-11
316;2016;2016-11-12
317;2016;2016-11-13
318;2016;2016-11-14
319;2016;2016-11-15
320;2016;2016-11-16
321;2016;2016-11-17
322;2016;2016-11-18
323;2016;2016-11-19
324;2016;2016-11-20
325;2016;2016-11-21
326;2016;2016-11-22
327;2016;2016-11-23
328;2016;2016-11-24
329;2016;2016-11-25
330;2016;2016-11-26
331;2016;2016-11-27
332;2016;2016-11-28
333;2016;2016-11-29
334;2016;2016-11-30
335;2016;2016-12-01
336;2016;2016-12-02
337;2016;2016-12-03
338;2016;2016-12-04
339;2016;2016-12-05
340;2016;2016-12-06
341;2016;2016-12-07
342;2016;2016-12-08
343;2016;2016-12-09
344;2016;2016-12-10
345;2016;2016-12-11
346;2016;2016-12-12
347;2016;2016-12-13
348;2016;2016-12-14
349;2016;2016-12-15
350;2016;2016-12-16
351;2016;2016-12-17
352;2016;2016-12-18
353;2016;2016-12-19
354;2016;2016-12-20
355;2016;2016-12-21
356;2016;2016-12-22
357;2016;2016-12-23
358;2016;2016-12-24
359;2016;2016-12-25
360;2016;2016-12-26
361;2016;2016-12-27
362;2016;2016-12-28
363;2016;2016-12-29
364;2016;2016-12-30
365;2016;2016-12-31
1;2017;2017-01-01
2;2017;2017-01-02
3;2017;2017-01-03
4;2017;2017-01-04
5;2017;2017-01-05
6;2017;2017-01-06
7;2017;2017-01-07
8;2017;2017-01-08
9;2017;2017-01-09
10;2017;2017-01-10
11;2017;2017-01-11
12;2017;2017-01-12
13;2017;2017-01-13
14;2017;2017-01-14
15;2017;2017-01-15
16;2017;2017-01-16
17;2017;2017-01-17
18;2017;2017-01-18
19;2017;2017-01-19
20;2017;2017-01-20
21;2017;2017-01-21
22;2017;2017-01-22
23;2017;2017-01-23
24;2017;2017-01-24
25;2017;2017-01-25
26;2017;2017-01-26
27;2017;2017-01-27
28;2017;2017-01-28
29;2017;2017-01-29
30;2017;2017-01-30
31;2017;2017-01-31
32;2017;2017-02-01
33;2017;2017-02-02
34;2017;2017-02-03
35;2017;2017-02-04
36;2017;2017-02-05
37;2017;2017-02-06
38;2017;2017-02-07
39;2017;2017-02-08
40;2017;2017-02-09
41;2017;2017-02-10
42;2017;2017-02-11
43;2017;2017-02-12
44;2017;2017-02-13
45;2017;2017-02-14
46;2017;2017-02-15
47;2017;2017-02-16
48;2017;2017-02-17
49;2017;2017-02-18
50;2017;2017-02-19
51;2017;2017-02-20
52;2017;2017-02-21
53;2017;2017-02-22
54;2017;2017-02-23
55;2017;2017-02-24
56;2017;2017-02-25
57;2017;2017-02-26
58;2017;2017-02-27
59;2017;2017-02-28
60;2017;2017-03-01
61;2017;2017-03-02
62;2017;2017-03-03
63;2017;2017-03-04
64;2017;2017-03-05
65;2017;2017-03-06
66;2017;2017-03-07
67;2017;2017-03-08
68;2017;2017-03-09
69;2017;2017-03-10
70;2017;2017-03-11
71;2017;2017-03-12
72;2017;2017-03-13
73;2017;2017-03-14
74;2017;2017-03-15
75;2017;2017-03-16
76;2017;2017-03-17
77;2017;2017-03-18
78;2017;2017-03-19
79;2017;2017-03-20
80;2017;2017-03-21
81;2017;2017-03-22
82;2017;2017-03-23
83;2017;2017-03-24
84;2017;2017-03-25
85;2017;2017-03-26
86;2017;2017-03-27
87;2017;2017-03-28
88;2017;2017-03-29
89;2017;2017-03-30
90;2017;2017-03-31
91;2017;2017-04-01
92;2017;2017-04-02
93;2017;2017-04-03
94;2017;2017-04-04
95;2017;2017-04-05
96;2017;2017-04-06
97;2017;2017-04-07
98;2017;2017-04-08
99;2017;2017-04-09
100;2017;2017-04-10
101;2017;2017-04-11
102;2017;2017-04-12
103;2017;2017-04-13
104;2017;2017-04-14
105;2017;2017-04-15
106;2017;2017-04-16
107;2017;2017-04-17
108;2017;2017-04-18
109;2017;2017-04-19
110;2017;2017-04-20
111;2017;2017-04-21
112;2017;2017-04-22
113;2017;2017-04-23
114;2017;2017-04-24
115;2017;2017-04-25
116;2017;2017-04-26
117;2017;2017-04-27
118;2017;2017-04-28
119;2017;2017-04-29
120;2017;2017-04-30
121;2017;2017-05-01
122;2017;2017-05-02
123;2017;2017-05-03
124;2017;2017-05-04
125;2017;2017-05-05
126;2017;2017-05-06
127;2017;2017-05-07
128;2017;2017-05-08
129;2017;2017-05-09
130;2017;2017-05-10
131;2017;2017-05-11
132;2017;2017-05-12
133;2017;2017-05-13
134;2017;2017-05-14
135;2017;2017-05-15
136;2017;2017-05-16
137;2017;2017-05-17
138;2017;2017-05-18
139;2017;2017-05-19
140;2017;2017-05-20
141;2017;2017-05-21
142;2017;2017-05-22
143;2017;2017-05-23
144;2017;2017-05-24
145;2017;2017-05-25
146;2017;2017-05-26
147;2017;2017-05-27
148;2017;2017-05-28
149;2017;2017-05-29
150;2017;2017-05-30
151;2017;2017-05-31
152;2017;2017-06-01
153;2017;2017-06-02
154;2017;2017-06-03
155;2017;2017-06-04
156;2017;2017-06-05
157;2017;2017-06-06
158;2017;2017-06-07
159;2017;2017-06-08
160;2017;2017-06-09
161;2017;2017-06-10
162;2017;2017-06-11
163;2017;2017-06-12
164;2017;2017-06-13
165;2017;2017-06-14
166;2017;2017-06-15
167;2017;2017-06-16
168;2017;2017-06-17
169;2017;2017-06-18
170;2017;2017-06-19
171;2017;2017-06-20
172;2017;2017-06-21
173;2017;2017-06-22
174;2017;2017-06-23
175;2017;2017-06-24
176;2017;2017-06-25
177;2017;2017-06-26
178;2017;2017-06-27
179;2017;2017-06-28
180;2017;2017-06-29
181;2017;2017-06-30
182;2017;2017-07-01
183;2017;2017-07-02
184;2017;2017-07-03
185;2017;2017-07-04
186;2017;2017-07-05
187;2017;2017-07-06
188;2017;2017-07-07
189;2017;2017-07-08
190;2017;2017-07-09
191;2017;2017-07-10
192;2017;2017-07-11
193;2017;2017-07-12
194;2017;2017-07-13
195;2017;2017-07-14
196;2017;2017-07-15
197;2017;2017-07-16
198;2017;2017-07-17
199;2017;2017-07-18
200;2017;2017-07-19
201;2017;2017-07-20
202;2017;2017-07-21
203;2017;2017-07-22
204;2017;2017-07-23
205;2017;2017-07-24
206;2017;2017-07-25
207;2017;2017-07-26
208;2017;2017-07-27
209;2017;2017-07-28
210;2017;2017-07-29
211;2017;2017-07-30
212;2017;2017-07-31
213;2017;2017-08-01
214;2017;2017-08-02
215;2017;2017-08-03
216;2017;2017-08-04
217;2017;2017-08-05
218;2017;2017-08-06
219;2017;2017-08-07
220;2017;2017-08-08
221;2017;2017-08-09
222;2017;2017-08-10
223;2017;2017-08-11
224;2017;2017-08-12
225;2017;2017-08-13
226;2017;2017-08-14
227;2017;2017-08-15
228;2017;2017-08-16
229;2017;2017-08-17
230;2017;2017-08-18
231;2017;2017-08-19
232;2017;2017-08-20
233;2017;2017-08-21
234;2017;2017-08-22
235;2017;2017-08-23
236;2017;2017-08-24
237;2017;2017-08-25
238;2017;2017-08-26
239;2017;2017-08-27
240;2017;2017-08-28
241;2017;2017-08-29
242;2017;2017-08-30
243;2017;2017-08-31
244;2017;2017-09-01
245;2017;2017-09-02
246;2017;2017-09-03
247;2017;2017-09-04
248;2017;2017-09-05
249;2017;2017-09-06
250;2017;2017-09-07
251;2017;2017-09-08
252;2017;2017-09-09
253;2017;2017-09-10
254;2017;2017-09-11
255;2017;2017-09-12
256;2017;2017-09-13
257;2017;2017-09-14
258;2017;2017-09-15
259;2017;2017-09-16
260;2017;2017-09-17
261;2017;2017-09-18
262;2017;2017-09-19
263;2017;2017-09-20
264;2017;2017-09-21
265;2017;2017-09-22
266;2017;2017-09-23
267;2017;2017-09-24
268;2017;2017-09-25
269;2017;2017-09-26
270;2017;2017-09-27
271;2017;2017-09-28
272;2017;2017-09-29
273;2017;2017-09-30
274;2017;2017-10-01
275;2017;2017-10-02
276;2017;2017-10-03
277;2017;2017-10-04
278;2017;2017-10-05
279;2017;2017-10-06
280;2017;2017-10-07
281;2017;2017-10-08
282;2017;2017-10-09
283;2017;2017-10-10
284;2017;2017-10-11
285;2017;2017-10-12
286;2017;2017-10-13
287;2017;2017-10-14
288;2017;2017-10-15
289;2017;2017-10-16
290;2017;2017-10-17
291;2017;2017-10-18
292;2017;2017-10-19
293;2017;2017-10-20
294;2017;2017-10-21
295;2017;2017-10-22
296;2017;2017-10-23
297;2017;2017-10-24
298;2017;2017-10-25
299;2017;2017-10-26
300;2017;2017-10-27
301;2017;2017-10-28
302;2017;2017-10-29
303;2017;2017-10-30
304;2017;2017-10-31
305;2017;2017-11-01
306;2017;2017-11-02
307;2017;2017-11-03
308;2017;2017-11-04
309;2017;2017-11-05
310;2017;2017-11-06
311;2017;2017-11-07
312;2017;2017-11-08
313;2017;2017-11-09
314;2017;2017-11-10
315;2017;2017-11-11
316;2017;2017-11-12
317;2017;2017-11-13
318;2017;2017-11-14
319;2017;2017-11-15
320;2017;2017-11-16
321;2017;2017-11-17
322;2017;2017-11-18
323;2017;2017-11-19
324;2017;2017-11-20
325;2017;2017-11-21
326;2017;2017-11-22
327;2017;2017-11-23
328;2017;2017-11-24
329;2017;2017-11-25
330;2017;2017-11-26
331;2017;2017-11-27
332;2017;2017-11-28
333;2017;2017-11-29
334;2017;2017-11-30
335;2017;2017-12-01
336;2017;2017-12-02
337;2017;2017-12-03
338;2017;2017-12-04
339;2017;2017-12-05
340;2017;2017-12-06
341;2017;2017-12-07
342;2017;2017-12-08
343;2017;2017-12-09
344;2017;2017-12-10
345;2017;2017-12-11
346;2017;2017-12-12
347;2017;2017-12-13
348;2017;2017-12-14
349;2017;2017-12-15
350;2017;2017-12-16
351;2017;2017-12-17
352;2017;2017-12-18
353;2017;2017-12-19
354;2017;2017-12-20
355;2017;2017-12-21
356;2017;2017-12-22
357;2017;2017-12-23
358;2017;2017-12-24
359;2017;2017-12-25
360;2017;2017-12-26
361;2017;2017-12-27
362;2017;2017-12-28
363;2017;2017-12-29
364;2017;2017-12-30
365;2017;2017-12-31
1;2018;2018-01-01
2;2018;2018-01-02
3;2018;2018-01-03
4;2018;2018-01-04
5;2018;2018-01-05
6;2018;2018-01-06
7;2018;2018-01-07
8;2018;2018-01-08
9;2018;2018-01-09
10;2018;2018-01-10
11;2018;2018-01-11
12;2018;2018-01-12
13;2018;2018-01-13
14;2018;2018-01-14
15;2018;2018-01-15
16;2018;2018-01-16
17;2018;2018-01-17
18;2018;2018-01-18
19;2018;2018-01-19
20;2018;2018-01-20
21;2018;2018-01-21
22;2018;2018-01-22
23;2018;2018-01-23
24;2018;2018-01-24
25;2018;2018-01-25
26;2018;2018-01-26
27;2018;2018-01-27
28;2018;2018-01-28
29;2018;2018-01-29
30;2018;2018-01-30
31;2018;2018-01-31
32;2018;2018-02-01
33;2018;2018-02-02
34;2018;2018-02-03
35;2018;2018-02-04
36;2018;2018-02-05
37;2018;2018-02-06
38;2018;2018-02-07
39;2018;2018-02-08
40;2018;2018-02-09
41;2018;2018-02-10
42;2018;2018-02-11
43;2018;2018-02-12
44;2018;2018-02-13
45;2018;2018-02-14
46;2018;2018-02-15
47;2018;2018-02-16
48;2018;2018-02-17
49;2018;2018-02-18
50;2018;2018-02-19
51;2018;2018-02-20
52;2018;2018-02-21
53;2018;2018-02-22
54;2018;2018-02-23
55;2018;2018-02-24
56;2018;2018-02-25
57;2018;2018-02-26
58;2018;2018-02-27
59;2018;2018-02-28
60;2018;2018-03-01
61;2018;2018-03-02
62;2018;2018-03-03
63;2018;2018-03-04
64;2018;2018-03-05
65;2018;2018-03-06
66;2018;2018-03-07
67;2018;2018-03-08
68;2018;2018-03-09
69;2018;2018-03-10
70;2018;2018-03-11
71;2018;2018-03-12
72;2018;2018-03-13
73;2018;2018-03-14
74;2018;2018-03-15
75;2018;2018-03-16
76;2018;2018-03-17
77;2018;2018-03-18
78;2018;2018-03-19
79;2018;2018-03-20
80;2018;2018-03-21
81;2018;2018-03-22
82;2018;2018-03-23
83;2018;2018-03-24
84;2018;2018-03-25
85;2018;2018-03-26
86;2018;2018-03-27
87;2018;2018-03-28
88;2018;2018-03-29
89;2018;2018-03-30
90;2018;2018-03-31
91;2018;2018-04-01
92;2018;2018-04-02
93;2018;2018-04-03
94;2018;2018-04-04
95;2018;2018-04-05
96;2018;2018-04-06
97;2018;2018-04-07
98;2018;2018-04-08
99;2018;2018-04-09
100;2018;2018-04-10
101;2018;2018-04-11
102;2018;2018-04-12
103;2018;2018-04-13
104;2018;2018-04-14
105;2018;2018-04-15
106;2018;2018-04-16
107;2018;2018-04-17
108;2018;2018-04-18
109;2018;2018-04-19
110;2018;2018-04-20
111;2018;2018-04-21
112;2018;2018-04-22
113;2018;2018-04-23
114;2018;2018-04-24
115;2018;2018-04-25
116;2018;2018-04-26
117;2018;2018-04-27
118;2018;2018-04-28
119;2018;2018-04-29
120;2018;2018-04-30
121;2018;2018-05-01
122;2018;2018-05-02
123;2018;2018-05-03
124;2018;2018-05-04
125;2018;2018-05-05
126;2018;2018-05-06
127;2018;2018-05-07
128;2018;2018-05-08
129;2018;2018-05-09
130;2018;2018-05-10
131;2018;2018-05-11
132;2018;2018-05-12
133;2018;2018-05-13
134;2018;2018-05-14
135;2018;2018-05-15
136;2018;2018-05-16
137;2018;2018-05-17
138;2018;2018-05-18
139;2018;2018-05-19
140;2018;2018-05-20
141;2018;2018-05-21
142;2018;2018-05-22
143;2018;2018-05-23
144;2018;2018-05-24
145;2018;2018-05-25
146;2018;2018-05-26
147;2018;2018-05-27
148;2018;2018-05-28
149;2018;2018-05-29
150;2018;2018-05-30
151;2018;2018-05-31
152;2018;2018-06-01
153;2018;2018-06-02
154;2018;2018-06-03
155;2018;2018-06-04
156;2018;2018-06-05
157;2018;2018-06-06
158;2018;2018-06-07
159;2018;2018-06-08
160;2018;2018-06-09
161;2018;2018-06-10
162;2018;2018-06-11
163;2018;2018-06-12
164;2018;2018-06-13
165;2018;2018-06-14
166;2018;2018-06-15
167;2018;2018-06-16
168;2018;2018-06-17
169;2018;2018-06-18
170;2018;2018-06-19
171;2018;2018-06-20
172;2018;2018-06-21
173;2018;2018-06-22
174;2018;2018-06-23
175;2018;2018-06-24
176;2018;2018-06-25
177;2018;2018-06-26
178;2018;2018-06-27
179;2018;2018-06-28
180;2018;2018-06-29
181;2018;2018-06-30
182;2018;2018-07-01
183;2018;2018-07-02
184;2018;2018-07-03
185;2018;2018-07-04
186;2018;2018-07-05
187;2018;2018-07-06
188;2018;2018-07-07
189;2018;2018-07-08
190;2018;2018-07-09
191;2018;2018-07-10
192;2018;2018-07-11
193;2018;2018-07-12
194;2018;2018-07-13
195;2018;2018-07-14
196;2018;2018-07-15
197;2018;2018-07-16
198;2018;2018-07-17
199;2018;2018-07-18
200;2018;2018-07-19
201;2018;2018-07-20
202;2018;2018-07-21
203;2018;2018-07-22
204;2018;2018-07-23
205;2018;2018-07-24
206;2018;2018-07-25
207;2018;2018-07-26
208;2018;2018-07-27
209;2018;2018-07-28
210;2018;2018-07-29
211;2018;2018-07-30
212;2018;2018-07-31
213;2018;2018-08-01
214;2018;2018-08-02
215;2018;2018-08-03
216;2018;2018-08-04
217;2018;2018-08-05
218;2018;2018-08-06
219;2018;2018-08-07
220;2018;2018-08-08
221;2018;2018-08-09
222;2018;2018-08-10
223;2018;2018-08-11
224;2018;2018-08-12
225;2018;2018-08-13
226;2018;2018-08-14
227;2018;2018-08-15
228;2018;2018-08-16
229;2018;2018-08-17
230;2018;2018-08-18
231;2018;2018-08-19
232;2018;2018-08-20
233;2018;2018-08-21
234;2018;2018-08-22
235;2018;2018-08-23
236;2018;2018-08-24
237;2018;2018-08-25
238;2018;2018-08-26
239;2018;2018-08-27
240;2018;2018-08-28
241;2018;2018-08-29
242;2018;2018-08-30
243;2018;2018-08-31
244;2018;2018-09-01
245;2018;2018-09-02
246;2018;2018-09-03
247;2018;2018-09-04
248;2018;2018-09-05
249;2018;2018-09-06
250;2018;2018-09-07
251;2018;2018-09-08
252;2018;2018-09-09
253;2018;2018-09-10
254;2018;2018-09-11
255;2018;2018-09-12
256;2018;2018-09-13
257;2018;2018-09-14
258;2018;2018-09-15
259;2018;2018-09-16
260;2018;2018-09-17
261;2018;2018-09-18
262;2018;2018-09-19
263;2018;2018-09-20
264;2018;2018-09-21
265;2018;2018-09-22
266;2018;2018-09-23
267;2018;2018-09-24
268;2018;2018-09-25
269;2018;2018-09-26
270;2018;2018-09-27
271;2018;2018-09-28
272;2018;2018-09-29
273;2018;2018-09-30
274;2018;2018-10-01
275;2018;2018-10-02
276;2018;2018-10-03
277;2018;2018-10-04
278;2018;2018-10-05
279;2018;2018-10-06
280;2018;2018-10-07
281;2018;2018-10-08
282;2018;2018-10-09
283;2018;2018-10-10
284;2018;2018-10-11
285;2018;2018-10-12
286;2018;2018-10-13
287;2018;2018-10-14
288;2018;2018-10-15
289;2018;2018-10-16
290;2018;2018-10-17
291;2018;2018-10-18
292;2018;2018-10-19
293;2018;2018-10-20
294;2018;2018-10-21
295;2018;2018-10-22
296;2018;2018-10-23
297;2018;2018-10-24
298;2018;2018-10-25
299;2018;2018-10-26
300;2018;2018-10-27
301;2018;2018-10-28
302;2018;2018-10-29
303;2018;2018-10-30
304;2018;2018-10-31
305;2018;2018-11-01
306;2018;2018-11-02
307;2018;2018-11-03
308;2018;2018-11-04
309;2018;2018-11-05
310;2018;2018-11-06
311;2018;2018-11-07
312;2018;2018-11-08
313;2018;2018-11-09
314;2018;2018-11-10
315;2018;2018-11-11
316;2018;2018-11-12
317;2018;2018-11-13
318;2018;2018-11-14
319;2018;2018-11-15
320;2018;2018-11-16
321;2018;2018-11-17
322;2018;2018-11-18
323;2018;2018-11-19
324;2018;2018-11-20
325;2018;2018-11-21
326;2018;2018-11-22
327;2018;2018-11-23
328;2018;2018-11-24
329;2018;2018-11-25
330;2018;2018-11-26
331;2018;2018-11-27
332;2018;2018-11-28
333;2018;2018-11-29
334;2018;2018-11-30
335;2018;2018-12-01
336;2018;2018-12-02
337;2018;2018-12-03
338;2018;2018-12-04
339;2018;2018-12-05
340;2018;2018-12-06
341;2018;2018-12-07
342;2018;2018-12-08
343;2018;2018-12-09
344;2018;2018-12-10
345;2018;2018-12-11
346;2018;2018-12-12
347;2018;2018-12-13
348;2018;2018-12-14
349;2018;2018-12-15
350;2018;2018-12-16
351;2018;2018-12-17
352;2018;2018-12-18
353;2018;2018-12-19
354;2018;2018-12-20
355;2018;2018-12-21
356;2018;2018-12-22
357;2018;2018-12-23
358;2018;2018-12-24
359;2018;2018-12-25
360;2018;2018-12-26
361;2018;2018-12-27
362;2018;2018-12-28
363;2018;2018-12-29
364;2018;2018-12-30
365;2018;2018-12-31
1;2019;2019-01-01
2;2019;2019-01-02
3;2019;2019-01-03
4;2019;2019-01-04
5;2019;2019-01-05
6;2019;2019-01-06
7;2019;2019-01-07
8;2019;2019-01-08
9;2019;2019-01-09
10;2019;2019-01-10
11;2019;2019-01-11
12;2019;2019-01-12
13;2019;2019-01-13
14;2019;2019-01-14
15;2019;2019-01-15
16;2019;2019-01-16
17;2019;2019-01-17
18;2019;2019-01-18
19;2019;2019-01-19
20;2019;2019-01-20
21;2019;2019-01-21
22;2019;2019-01-22
23;2019;2019-01-23
24;2019;2019-01-24
25;2019;2019-01-25
26;2019;2019-01-26
27;2019;2019-01-27
28;2019;2019-01-28
29;2019;2019-01-29
30;2019;2019-01-30
31;2019;2019-01-31
32;2019;2019-02-01
33;2019;2019-02-02
34;2019;2019-02-03
35;2019;2019-02-04
36;2019;2019-02-05
37;2019;2019-02-06
38;2019;2019-02-07
39;2019;2019-02-08
40;2019;2019-02-09
41;2019;2019-02-10
42;2019;2019-02-11
43;2019;2019-02-12
44;2019;2019-02-13
45;2019;2019-02-14
46;2019;2019-02-15
47;2019;2019-02-16
48;2019;2019-02-17
49;2019;2019-02-18
50;2019;2019-02-19
51;2019;2019-02-20
52;2019;2019-02-21
53;2019;2019-02-22
54;2019;2019-02-23
55;2019;2019-02-24
56;2019;2019-02-25
57;2019;2019-02-26
58;2019;2019-02-27
59;2019;2019-02-28
60;2019;2019-03-01
61;2019;2019-03-02
62;2019;2019-03-03
63;2019;2019-03-04
64;2019;2019-03-05
65;2019;2019-03-06
66;2019;2019-03-07
67;2019;2019-03-08
68;2019;2019-03-09
69;2019;2019-03-10
70;2019;2019-03-11
71;2019;2019-03-12
72;2019;2019-03-13
73;2019;2019-03-14
74;2019;2019-03-15
75;2019;2019-03-16
76;2019;2019-03-17
77;2019;2019-03-18
78;2019;2019-03-19
79;2019;2019-03-20
80;2019;2019-03-21
81;2019;2019-03-22
82;2019;2019-03-23
83;2019;2019-03-24
84;2019;2019-03-25
85;2019;2019-03-26
86;2019;2019-03-27
87;2019;2019-03-28
88;2019;2019-03-29
89;2019;2019-03-30
90;2019;2019-03-31
91;2019;2019-04-01
92;2019;2019-04-02
93;2019;2019-04-03
94;2019;2019-04-04
95;2019;2019-04-05
96;2019;2019-04-06
97;2019;2019-04-07
98;2019;2019-04-08
99;2019;2019-04-09
100;2019;2019-04-10
101;2019;2019-04-11
102;2019;2019-04-12
103;2019;2019-04-13
104;2019;2019-04-14
105;2019;2019-04-15
106;2019;2019-04-16
107;2019;2019-04-17
108;2019;2019-04-18
109;2019;2019-04-19
110;2019;2019-04-20
111;2019;2019-04-21
112;2019;2019-04-22
113;2019;2019-04-23
114;2019;2019-04-24
115;2019;2019-04-25
116;2019;2019-04-26
117;2019;2019-04-27
118;2019;2019-04-28
119;2019;2019-04-29
120;2019;2019-04-30
121;2019;2019-05-01
122;2019;2019-05-02
123;2019;2019-05-03
124;2019;2019-05-04
125;2019;2019-05-05
126;2019;2019-05-06
127;2019;2019-05-07
128;2019;2019-05-08
129;2019;2019-05-09
130;2019;2019-05-10
131;2019;2019-05-11
132;2019;2019-05-12
133;2019;2019-05-13
134;2019;2019-05-14
135;2019;2019-05-15
136;2019;2019-05-16
137;2019;2019-05-17
138;2019;2019-05-18
139;2019;2019-05-19
140;2019;2019-05-20
141;2019;2019-05-21
142;2019;2019-05-22
143;2019;2019-05-23
144;2019;2019-05-24
145;2019;2019-05-25
146;2019;2019-05-26
147;2019;2019-05-27
148;2019;2019-05-28
149;2019;2019-05-29
150;2019;2019-05-30
151;2019;2019-05-31
152;2019;2019-06-01
153;2019;2019-06-02
154;2019;2019-06-03
155;2019;2019-06-04
156;2019;2019-06-05
157;2019;2019-06-06
158;2019;2019-06-07
159;2019;2019-06-08
160;2019;2019-06-09
161;2019;2019-06-10
162;2019;2019-06-11
163;2019;2019-06-12
164;2019;2019-06-13
165;2019;2019-06-14
166;2019;2019-06-15
167;2019;2019-06-16
168;2019;2019-06-17
169;2019;2019-06-18
170;2019;2019-06-19
171;2019;2019-06-20
172;2019;2019-06-21
173;2019;2019-06-22
174;2019;2019-06-23
175;2019;2019-06-24
176;2019;2019-06-25
177;2019;2019-06-26
178;2019;2019-06-27
179;2019;2019-06-28
180;2019;2019-06-29
181;2019;2019-06-30
182;2019;2019-07-01
183;2019;2019-07-02
184;2019;2019-07-03
185;2019;2019-07-04
186;2019;2019-07-05
187;2019;2019-07-06
188;2019;2019-07-07
189;2019;2019-07-08
190;2019;2019-07-09
191;2019;2019-07-10
192;2019;2019-07-11
193;2019;2019-07-12
194;2019;2019-07-13
195;2019;2019-07-14
196;2019;2019-07-15
197;2019;2019-07-16
198;2019;2019-07-17
199;2019;2019-07-18
200;2019;2019-07-19
201;2019;2019-07-20
202;2019;2019-07-21
203;2019;2019-07-22
204;2019;2019-07-23
205;2019;2019-07-24
206;2019;2019-07-25
207;2019;2019-07-26
208;2019;2019-07-27
209;2019;2019-07-28
210;2019;2019-07-29
211;2019;2019-07-30
212;2019;2019-07-31
213;2019;2019-08-01
214;2019;2019-08-02
215;2019;2019-08-03
216;2019;2019-08-04
217;2019;2019-08-05
218;2019;2019-08-06
219;2019;2019-08-07
220;2019;2019-08-08
221;2019;2019-08-09
222;2019;2019-08-10
223;2019;2019-08-11
224;2019;2019-08-12
225;2019;2019-08-13
226;2019;2019-08-14
227;2019;2019-08-15
228;2019;2019-08-16
229;2019;2019-08-17
230;2019;2019-08-18
231;2019;2019-08-19
232;2019;2019-08-20
233;2019;2019-08-21
234;2019;2019-08-22
235;2019;2019-08-23
236;2019;2019-08-24
237;2019;2019-08-25
238;2019;2019-08-26
239;2019;2019-08-27
240;2019;2019-08-28
241;2019;2019-08-29
242;2019;2019-08-30
243;2019;2019-08-31
244;2019;2019-09-01
245;2019;2019-09-02
246;2019;2019-09-03
247;2019;2019-09-04
248;2019;2019-09-05
249;2019;2019-09-06
250;2019;2019-09-07
251;2019;2019-09-08
252;2019;2019-09-09
253;2019;2019-09-10
254;2019;2019-09-11
255;2019;2019-09-12
256;2019;2019-09-13
257;2019;2019-09-14
258;2019;2019-09-15
259;2019;2019-09-16
260;2019;2019-09-17
261;2019;2019-09-18
262;2019;2019-09-19
263;2019;2019-09-20
264;2019;2019-09-21
265;2019;2019-09-22
266;2019;2019-09-23
267;2019;2019-09-24
268;2019;2019-09-25
269;2019;2019-09-26
270;2019;2019-09-27
271;2019;2019-09-28
272;2019;2019-09-29
273;2019;2019-09-30
274;2019;2019-10-01
275;2019;2019-10-02
276;2019;2019-10-03
277;2019;2019-10-04
278;2019;2019-10-05
279;2019;2019-10-06
280;2019;2019-10-07
281;2019;2019-10-08
282;2019;2019-10-09
283;2019;2019-10-10
284;2019;2019-10-11
285;2019;2019-10-12
286;2019;2019-10-13
287;2019;2019-10-14
288;2019;2019-10-15
289;2019;2019-10-16
290;2019;2019-10-17
291;2019;2019-10-18
292;2019;2019-10-19
293;2019;2019-10-20
294;2019;2019-10-21
295;2019;2019-10-22
296;2019;2019-10-23
297;2019;2019-10-24
298;2019;2019-10-25
299;2019;2019-10-26
300;2019;2019-10-27
301;2019;2019-10-28
302;2019;2019-10-29
303;2019;2019-10-30
304;2019;2019-10-31
305;2019;2019-11-01
306;2019;2019-11-02
307;2019;2019-11-03
308;2019;2019-11-04
309;2019;2019-11-05
310;2019;2019-11-06
311;2019;2019-11-07
312;2019;2019-11-08
313;2019;2019-11-09
314;2019;2019-11-10
315;2019;2019-11-11
316;2019;2019-11-12
317;2019;2019-11-13
318;2019;2019-11-14
319;2019;2019-11-15
320;2019;2019-11-16
321;2019;2019-11-17
322;2019;2019-11-18
323;2019;2019-11-19
324;2019;2019-11-20
325;2019;2019-11-21
326;2019;2019-11-22
327;2019;2019-11-23
328;2019;2019-11-24
329;2019;2019-11-25
330;2019;2019-11-26
331;2019;2019-11-27
332;2019;2019-11-28
333;2019;2019-11-29
334;2019;2019-11-30
335;2019;2019-12-01
336;2019;2019-12-02
337;2019;2019-12-03
338;2019;2019-12-04
339;2019;2019-12-05
340;2019;2019-12-06
341;2019;2019-12-07
342;2019;2019-12-08
343;2019;2019-12-09
344;2019;2019-12-10
345;2019;2019-12-11
346;2019;2019-12-12
347;2019;2019-12-13
348;2019;2019-12-14
349;2019;2019-12-15
350;2019;2019-12-16
351;2019;2019-12-17
352;2019;2019-12-18
353;2019;2019-12-19
354;2019;2019-12-20
355;2019;2019-12-21
356;2019;2019-12-22
357;2019;2019-12-23
358;2019;2019-12-24
359;2019;2019-12-25
360;2019;2019-12-26
361;2019;2019-12-27
362;2019;2019-12-28
363;2019;2019-12-29
364;2019;2019-12-30
365;2019;2019-12-31
1;2020;2020-01-01
2;2020;2020-01-02
3;2020;2020-01-03
4;2020;2020-01-04
5;2020;2020-01-05
6;2020;2020-01-06
7;2020;2020-01-07
8;2020;2020-01-08
9;2020;2020-01-09
10;2020;2020-01-10
11;2020;2020-01-11
12;2020;2020-01-12
13;2020;2020-01-13
14;2020;2020-01-14
15;2020;2020-01-15
16;2020;2020-01-16
17;2020;2020-01-17
18;2020;2020-01-18
19;2020;2020-01-19
20;2020;2020-01-20
21;2020;2020-01-21
22;2020;2020-01-22
23;2020;2020-01-23
24;2020;2020-01-24
25;2020;2020-01-25
26;2020;2020-01-26
27;2020;2020-01-27
28;2020;2020-01-28
29;2020;2020-01-29
30;2020;2020-01-30
31;2020;2020-01-31
32;2020;2020-02-01
33;2020;2020-02-02
34;2020;2020-02-03
35;2020;2020-02-04
36;2020;2020-02-05
37;2020;2020-02-06
38;2020;2020-02-07
39;2020;2020-02-08
40;2020;2020-02-09
41;2020;2020-02-10
42;2020;2020-02-11
43;2020;2020-02-12
44;2020;2020-02-13
45;2020;2020-02-14
46;2020;2020-02-15
47;2020;2020-02-16
48;2020;2020-02-17
49;2020;2020-02-18
50;2020;2020-02-19
51;2020;2020-02-20
52;2020;2020-02-21
53;2020;2020-02-22
54;2020;2020-02-23
55;2020;2020-02-24
56;2020;2020-02-25
57;2020;2020-02-26
58;2020;2020-02-27
59;2020;2020-02-28
60;2020;2020-03-01
61;2020;2020-03-02
62;2020;2020-03-03
63;2020;2020-03-04
64;2020;2020-03-05
65;2020;2020-03-06
66;2020;2020-03-07
67;2020;2020-03-08
68;2020;2020-03-09
69;2020;2020-03-10
70;2020;2020-03-11
71;2020;2020-03-12
72;2020;2020-03-13
73;2020;2020-03-14
74;2020;2020-03-15
75;2020;2020-03-16
76;2020;2020-03-17
77;2020;2020-03-18
78;2020;2020-03-19
79;2020;2020-03-20
80;2020;2020-03-21
81;2020;2020-03-22
82;2020;2020-03-23
83;2020;2020-03-24
84;2020;2020-03-25
85;2020;2020-03-26
86;2020;2020-03-27
87;2020;2020-03-28
88;2020;2020-03-29
89;2020;2020-03-30
90;2020;2020-03-31
91;2020;2020-04-01
92;2020;2020-04-02
93;2020;2020-04-03
94;2020;2020-04-04
95;2020;2020-04-05
96;2020;2020-04-06
97;2020;2020-04-07
98;2020;2020-04-08
99;2020;2020-04-09
100;2020;2020-04-10
101;2020;2020-04-11
102;2020;2020-04-12
103;2020;2020-04-13
104;2020;2020-04-14
105;2020;2020-04-15
106;2020;2020-04-16
107;2020;2020-04-17
108;2020;2020-04-18
109;2020;2020-04-19
110;2020;2020-04-20
111;2020;2020-04-21
112;2020;2020-04-22
113;2020;2020-04-23
114;2020;2020-04-24
115;2020;2020-04-25
116;2020;2020-04-26
117;2020;2020-04-27
118;2020;2020-04-28
119;2020;2020-04-29
120;2020;2020-04-30
121;2020;2020-05-01
122;2020;2020-05-02
123;2020;2020-05-03
124;2020;2020-05-04
125;2020;2020-05-05
126;2020;2020-05-06
127;2020;2020-05-07
128;2020;2020-05-08
129;2020;2020-05-09
130;2020;2020-05-10
131;2020;2020-05-11
132;2020;2020-05-12
133;2020;2020-05-13
134;2020;2020-05-14
135;2020;2020-05-15
136;2020;2020-05-16
137;2020;2020-05-17
138;2020;2020-05-18
139;2020;2020-05-19
140;2020;2020-05-20
141;2020;2020-05-21
142;2020;2020-05-22
143;2020;2020-05-23
144;2020;2020-05-24
145;2020;2020-05-25
146;2020;2020-05-26
147;2020;2020-05-27
148;2020;2020-05-28
149;2020;2020-05-29
150;2020;2020-05-30
151;2020;2020-05-31
152;2020;2020-06-01
153;2020;2020-06-02
154;2020;2020-06-03
155;2020;2020-06-04
156;2020;2020-06-05
157;2020;2020-06-06
158;2020;2020-06-07
159;2020;2020-06-08
160;2020;2020-06-09
161;2020;2020-06-10
162;2020;2020-06-11
163;2020;2020-06-12
164;2020;2020-06-13
165;2020;2020-06-14
166;2020;2020-06-15
167;2020;2020-06-16
168;2020;2020-06-17
169;2020;2020-06-18
170;2020;2020-06-19
171;2020;2020-06-20
172;2020;2020-06-21
173;2020;2020-06-22
174;2020;2020-06-23
175;2020;2020-06-24
176;2020;2020-06-25
177;2020;2020-06-26
178;2020;2020-06-27
179;2020;2020-06-28
180;2020;2020-06-29
181;2020;2020-06-30
182;2020;2020-07-01
183;2020;2020-07-02
184;2020;2020-07-03
185;2020;2020-07-04
186;2020;2020-07-05
187;2020;2020-07-06
188;2020;2020-07-07
189;2020;2020-07-08
190;2020;2020-07-09
191;2020;2020-07-10
192;2020;2020-07-11
193;2020;2020-07-12
194;2020;2020-07-13
195;2020;2020-07-14
196;2020;2020-07-15
197;2020;2020-07-16
198;2020;2020-07-17
199;2020;2020-07-18
200;2020;2020-07-19
201;2020;2020-07-20
202;2020;2020-07-21
203;2020;2020-07-22
204;2020;2020-07-23
205;2020;2020-07-24
206;2020;2020-07-25
207;2020;2020-07-26
208;2020;2020-07-27
209;2020;2020-07-28
210;2020;2020-07-29
211;2020;2020-07-30
212;2020;2020-07-31
213;2020;2020-08-01
214;2020;2020-08-02
215;2020;2020-08-03
216;2020;2020-08-04
217;2020;2020-08-05
218;2020;2020-08-06
219;2020;2020-08-07
220;2020;2020-08-08
221;2020;2020-08-09
222;2020;2020-08-10
223;2020;2020-08-11
224;2020;2020-08-12
225;2020;2020-08-13
226;2020;2020-08-14
227;2020;2020-08-15
228;2020;2020-08-16
229;2020;2020-08-17
230;2020;2020-08-18
231;2020;2020-08-19
232;2020;2020-08-20
233;2020;2020-08-21
234;2020;2020-08-22
235;2020;2020-08-23
236;2020;2020-08-24
237;2020;2020-08-25
238;2020;2020-08-26
239;2020;2020-08-27
240;2020;2020-08-28
241;2020;2020-08-29
242;2020;2020-08-30
243;2020;2020-08-31
244;2020;2020-09-01
245;2020;2020-09-02
246;2020;2020-09-03
247;2020;2020-09-04
248;2020;2020-09-05
249;2020;2020-09-06
250;2020;2020-09-07
251;2020;2020-09-08
252;2020;2020-09-09
253;2020;2020-09-10
254;2020;2020-09-11
255;2020;2020-09-12
256;2020;2020-09-13
257;2020;2020-09-14
258;2020;2020-09-15
259;2020;2020-09-16
260;2020;2020-09-17
261;2020;2020-09-18
262;2020;2020-09-19
263;2020;2020-09-20
264;2020;2020-09-21
265;2020;2020-09-22
266;2020;2020-09-23
267;2020;2020-09-24
268;2020;2020-09-25
269;2020;2020-09-26
270;2020;2020-09-27
271;2020;2020-09-28
272;2020;2020-09-29
273;2020;2020-09-30
274;2020;2020-10-01
275;2020;2020-10-02
276;2020;2020-10-03
277;2020;2020-10-04
278;2020;2020-10-05
279;2020;2020-10-06
280;2020;2020-10-07
281;2020;2020-10-08
282;2020;2020-10-09
283;2020;2020-10-10
284;2020;2020-10-11
285;2020;2020-10-12
286;2020;2020-10-13
287;2020;2020-10-14
288;2020;2020-10-15
289;2020;2020-10-16
290;2020;2020-10-17
291;2020;2020-10-18
292;2020;2020-10-19
293;2020;2020-10-20
294;2020;2020-10-21
295;2020;2020-10-22
296;2020;2020-10-23
297;2020;2020-10-24
298;2020;2020-10-25
299;2020;2020-10-26
300;2020;2020-10-27
301;2020;2020-10-28
302;2020;2020-10-29
303;2020;2020-10-30
304;2020;2020-10-31
305;2020;2020-11-01
306;2020;2020-11-02
307;2020;2020-11-03
308;2020;2020-11-04
309;2020;2020-11-05
310;2020;2020-11-06
311;2020;2020-11-07
312;2020;2020-11-08
313;2020;2020-11-09
314;2020;2020-11-10
315;2020;2020-11-11
316;2020;2020-11-12
317;2020;2020-11-13
318;2020;2020-11-14
319;2020;2020-11-15
320;2020;2020-11-16
321;2020;2020-11-17
322;2020;2020-11-18
323;2020;2020-11-19
324;2020;2020-11-20
325;2020;2020-11-21
326;2020;2020-11-22
327;2020;2020-11-23
328;2020;2020-11-24
329;2020;2020-11-25
330;2020;2020-11-26
331;2020;2020-11-27
332;2020;2020-11-28
333;2020;2020-11-29
334;2020;2020-11-30
335;2020;2020-12-01
336;2020;2020-12-02
337;2020;2020-12-03
338;2020;2020-12-04
339;2020;2020-12-05
340;2020;2020-12-06
341;2020;2020-12-07
342;2020;2020-12-08
343;2020;2020-12-09
344;2020;2020-12-10
345;2020;2020-12-11
346;2020;2020-12-12
347;2020;2020-12-13
348;2020;2020-12-14
349;2020;2020-12-15
350;2020;2020-12-16
351;2020;2020-12-17
352;2020;2020-12-18
353;2020;2020-12-19
354;2020;2020-12-20
355;2020;2020-12-21
356;2020;2020-12-22
357;2020;2020-12-23
358;2020;2020-12-24
359;2020;2020-12-25
360;2020;2020-12-26
361;2020;2020-12-27
362;2020;2020-12-28
363;2020;2020-12-29
364;2020;2020-12-30
365;2020;2020-12-31
